{
  "model_type": "baseline_cnn",
  "timestamp": "2026-02-09 20:42:06",
  "avg_ms": 102.92367349815322,
  "median_ms": 95.09044996229932,
  "std_ms": 41.469608478093434,
  "min_ms": 77.29280000785366,
  "max_ms": 522.4669000017457,
  "p95_ms": 127.63862501014955,
  "p99_ms": 256.78378598706206,
  "avg_fps": 9.715937704243943,
  "median_fps": 10.516303166053708,
  "real_time_ok": 